timestamp,dayInd,close,high,low,volume
1687320000000,0.0,124.83,126.73,123.85,52137670.0
1687406400000,1.0,130.15,130.33,125.14,90354572.0
1687492800000,2.0,129.33,130.84,128.28,71917746.0
1687752000000,3.0,127.33,131.49,127.1,59989317.0
1687838400000,4.0,129.18,130.085,127.55,46467852.0
1687924800000,5.0,129.04,131.48,128.44,52149512.0
1688011200000,6.0,127.9,129.26,127.255,40760959.0
1688097600000,7.0,130.36,131.245,128.95,54327974.0
1688356800000,8.0,130.22,131.85,130.065,28264785.0
1688529600000,9.0,130.38,131.4,129.64,35895409.0
1688616000000,10.0,128.36,128.73,127.37,40697848.0
1688702400000,11.0,129.78,130.97,128.1294,41992251.0
1688961600000,12.0,127.13,129.28,125.915,61889289.0
1689048000000,13.0,128.78,129.77,127.35,49951460.0
1689134400000,14.0,130.8,131.26,128.83,53922847.0
1689220800000,15.0,134.3,134.67,132.71,61166283.0
1689307200000,16.0,134.68,136.65,134.06,54466090.0
1689566400000,17.0,133.56,135.62,133.21,48450198.0
1689652800000,18.0,132.83,133.86,131.355,54969133.0
1689739200000,19.0,135.36,135.99,132.53,54390507.0
1689825600000,20.0,129.96,134.7915,129.33,59782329.0
1689912000000,21.0,130.0,131.37,128.415,133282294.0
1690171200000,22.0,128.8,131.66,128.35,45667080.0
1690257600000,23.0,129.13,129.58,128.53,39219663.0
1690344000000,24.0,128.15,129.08,126.11,53910087.0
1690430400000,25.0,128.25,132.63,127.79,52610661.0
1690516800000,26.0,132.21,133.01,129.33,46269781.0
1690776000000,27.0,133.68,133.87,132.38,41901516.0
1690862400000,28.0,131.69,133.69,131.6199,42250989.0
1690948800000,29.0,128.21,130.23,126.82,50988614.0
1691035200000,30.0,128.91,129.84,126.41,90855736.0
1691121600000,31.0,139.57,143.63,139.32,153091370.0
1691380800000,32.0,142.22,142.54,138.95,71213112.0
1691467200000,33.0,139.94,140.84,138.42,51706497.0
1691553600000,34.0,137.85,140.32,137.1,49910149.0
1691640000000,35.0,138.56,140.41,137.49,58804832.0
1691726400000,36.0,138.41,139.33,137.0,42905833.0
1691985600000,37.0,140.57,140.59,137.75,47148699.0
1692072000000,38.0,137.67,141.2778,137.23,42781521.0
1692158400000,39.0,135.07,137.27,135.01,41675903.0
1692244800000,40.0,133.98,136.085,133.53,48354085.0
1692331200000,41.0,133.22,134.065,131.15,48497595.0
1692590400000,42.0,134.68,135.185,132.71,41442483.0
1692676800000,43.0,134.25,135.65,133.73,32935104.0
1692763200000,44.0,135.52,135.95,133.22,42786043.0
1692849600000,45.0,131.84,136.775,131.83,43646250.0
1692936000000,46.0,133.26,133.87,130.58,44147451.0
1693195200000,47.0,133.14,133.95,131.85,33956210.0
1693281600000,48.0,134.91,135.14,133.25,38646093.0
1693368000000,49.0,135.07,135.68,133.92,36130015.0
1693454400000,50.0,138.01,138.7885,135.0,58431314.0
1693540800000,51.0,138.12,139.96,136.875,40986536.0
1693886400000,52.0,137.27,137.8,135.82,40627738.0
1693972800000,53.0,135.36,137.45,134.61,41785507.0
1694059200000,54.0,137.85,138.03,133.16,48498912.0
1694145600000,55.0,138.23,138.8519,136.75,38365929.0
1694404800000,56.0,143.1,143.62,138.64,56755075.0
1694491200000,57.0,141.23,143.0,140.61,42668452.0
1694577600000,58.0,144.85,144.98,140.865,60463535.0
1694664000000,59.0,144.72,145.86,142.95,64033607.0
1694750400000,60.0,140.39,143.57,140.09,102709327.0
1695009600000,61.0,139.98,141.75,139.22,42823480.0
1695096000000,62.0,137.63,138.84,135.56,61306070.0
1695182400000,63.0,135.29,139.37,135.2,46263716.0
1695268800000,64.0,129.33,132.24,129.31,70343342.0
1695355200000,65.0,129.12,132.03,128.52,59604348.0
1695614400000,66.0,131.27,131.78,128.77,46017825.0
1695700800000,67.0,125.98,130.39,125.28,73007107.0
1695787200000,68.0,125.98,127.48,124.13,66445149.0
1695873600000,69.0,125.98,126.5801,123.04,54554968.0
1695960000000,70.0,127.12,129.15,126.32,62411730.0
1696219200000,71.0,129.46,130.47,126.54,48029744.0
1696305600000,72.0,124.72,128.52,124.2544,51559991.0
1696392000000,73.0,127.0,127.36,125.68,44203870.0
1696478400000,74.0,125.96,126.73,124.33,39657043.0
1696564800000,75.0,127.96,128.45,124.13,46814698.0
1696824000000,76.0,128.26,128.79,124.76,38746138.0
1696910400000,77.0,129.48,130.74,128.05,42106579.0
1696996800000,78.0,131.83,132.05,129.61,40513342.0
1697083200000,79.0,132.33,134.48,131.23,55528581.0
1697169600000,80.0,129.79,133.3145,128.95,45824685.0
1697428800000,81.0,132.55,133.07,130.425,42832918.0
1697515200000,82.0,131.47,132.58,128.71,49344550.0
1697601600000,83.0,128.13,130.6699,127.51,42623479.0
1697688000000,84.0,128.4,132.24,127.47,60951105.0
1697774400000,85.0,125.17,128.17,124.97,56317010.0
1698033600000,86.0,126.56,127.88,123.98,48216183.0
1698120000000,87.0,128.56,128.8,126.34,46180180.0
1698206400000,88.0,121.39,126.34,120.79,74516044.0
1698292800000,89.0,119.57,121.6393,118.35,100240816.0
1698379200000,90.0,127.74,130.02,125.52,125284313.0
1698638400000,91.0,132.71,133.0,128.56,72465542.0
1698724800000,92.0,133.09,133.57,131.71,51589380.0
1698811200000,93.0,137.0,137.35,133.71,61529409.0
1698897600000,94.0,138.07,138.81,136.47,52236693.0
1698984000000,95.0,138.6,139.49,137.45,44059805.0
1699246800000,96.0,139.74,140.73,138.36,44772917.0
1699333200000,97.0,142.71,143.37,141.2183,53540937.0
1699419600000,98.0,142.08,143.12,139.84,44521658.0
1699506000000,99.0,140.6,142.65,139.91,36235367.0
1699592400000,100.0,143.56,143.65,140.67,49349937.0
1699851600000,101.0,142.59,143.23,140.68,35680570.0
1699938000000,102.0,145.8,147.26,142.59,56674551.0
1700024400000,103.0,143.2,147.29,139.52,63874520.0
1700110800000,104.0,142.83,143.32,142.545,49653512.0
1700197200000,105.0,145.18,145.23,142.725,49361537.0
1700456400000,106.0,146.13,146.63,144.725,41978766.0
1700542800000,107.0,143.9,144.05,141.5,71225992.0
1700629200000,108.0,146.71,147.74,144.57,45700002.0
1700710800000,109.0,146.74,147.2,145.32,22378379.0
1700797200000,110.0,147.73,149.26,146.88,53762428.0
1701147600000,111.0,147.03,147.5999,145.53,42711682.0
1701234000000,112.0,146.32,148.54,145.97,40610907.0
1701320400000,113.0,146.09,146.93,144.332,65814022.0
1701406800000,114.0,147.03,147.245,145.55,39949248.0
1701666000000,115.0,144.84,145.35,142.81,48294244.0
1701752400000,116.0,146.88,148.57,143.13,46822411.0
1701838800000,117.0,144.52,147.85,144.28,39678960.0
1701925200000,118.0,146.88,147.92,145.34,52334830.0
1702011600000,119.0,147.42,147.84,145.4,41905965.0
1702270800000,120.0,145.89,146.19,143.64,50899808.0
1702357200000,121.0,147.48,147.5,145.3,44944264.0
1702443600000,122.0,148.84,149.46,146.82,52766196.0
1702530000000,123.0,147.42,150.54,145.52,58400848.0
1702616400000,124.0,149.97,150.57,147.88,110072142.0
1702875600000,125.0,154.07,154.855,150.05,62512828.0
1702962000000,126.0,153.79,155.12,152.69,43171292.0
1703048400000,127.0,152.12,155.63,151.56,50322106.0
1703134800000,128.0,153.84,153.97,152.1,36305733.0
1703221200000,129.0,153.42,154.35,152.71,29514093.0
1703566800000,130.0,153.41,153.975,153.03,25067222.0
1703653200000,131.0,153.34,154.78,153.12,31344733.0
1703739600000,132.0,153.38,154.08,152.95,27057002.0
1703826000000,133.0,151.94,153.89,151.03,39728704.0
1704171600000,134.0,149.93,152.38,148.39,47314924.0
1704258000000,135.0,148.47,151.05,148.33,49410095.0
1704344400000,136.0,144.57,147.38,144.05,56039807.0
1704430800000,137.0,145.24,146.59,144.53,45003147.0
1704690000000,138.0,149.1,149.4,146.15,46757053.0
1704776400000,139.0,151.37,151.71,148.21,43812567.0
1704862800000,140.0,153.73,154.42,151.881,44421830.0
1704949200000,141.0,155.18,157.17,153.12,49072691.0
1705035600000,142.0,154.62,156.2,154.01,40455355.0
1705381200000,143.0,153.16,154.99,152.15,41360986.0
1705467600000,144.0,151.71,152.15,149.91,34953363.0
1705554000000,145.0,153.5,153.775,151.82,37850245.0
1705640400000,146.0,155.34,155.76,152.74,51621628.0
1705726800000,147.0,154.78,157.05,153.9,43687468.0
1705986000000,148.0,156.02,156.21,153.93,37986039.0
1706072400000,149.0,156.87,158.51,156.48,48403865.0
1706158800000,150.0,157.75,158.505,154.5501,43626052.0
1706245200000,151.0,159.12,160.72,157.91,49312353.0
1706504400000,152.0,161.26,161.29,158.9,45270385.0
1706590800000,153.0,159.0,161.73,158.49,45198365.0
1706677200000,154.0,155.2,159.76,154.81,50155866.0
1706763600000,155.0,159.28,159.28,155.62,76222119.0
1706850000000,156.0,171.81,172.5,167.33,117018313.0
1707109200000,157.0,170.31,170.55,167.7,54876149.0
1707195600000,158.0,169.15,170.71,167.65,42505518.0
1707282000000,159.0,170.53,170.88,168.94,47171760.0
1707368400000,160.0,169.84,171.43,168.88,42309954.0
1707627600000,161.0,174.45,175.0,170.5803,56985986.0
1707714000000,162.0,172.34,175.39,171.54,50922340.0
1707800400000,163.0,168.64,170.95,165.75,56289922.0
1707886800000,164.0,170.98,171.21,168.28,42797544.0
1707973200000,165.0,169.8,171.17,167.59,49844196.0
1708059600000,166.0,169.51,170.42,167.17,48097744.0
1708405200000,167.0,167.08,168.71,165.74,41978976.0
1708491600000,168.0,168.59,170.23,167.14,44137123.0
1708578000000,169.0,174.58,174.8,171.77,55392354.0
1708664400000,170.0,174.99,175.75,173.7,59715243.0
1708750800000,171.0,174.73,176.37,174.26,44368614.0
1709006400000,172.0,173.54,174.62,172.86,31141732.0
1709092800000,173.0,173.16,174.05,172.27,28180482.0
1709179200000,174.0,176.76,177.22,172.85,53805359.0
1709265600000,175.0,178.22,178.725,176.07,31966152.0
1709352000000,176.0,177.58,180.14,177.49,37381520.0
1709438400000,177.0,174.12,176.93,173.303,37215693.0
1709524800000,178.0,173.51,176.46,173.26,32090926.0
1709784000000,179.0,176.82,177.99,173.72,33934783.0
1709870400000,180.0,175.35,178.785,174.33,37772242.0
1709956800000,181.0,171.96,174.47,171.47,28484777.0
1710043200000,182.0,175.39,176.76,171.98,36590204.0
1710129600000,183.0,176.555,177.62,175.55,30705600.0
1710388800000,184.0,178.75,179.53,176.465,43705840.0
1710475200000,185.0,174.42,177.93,173.9,71805390.0
1710561600000,186.0,174.48,176.69,174.28,31250688.0
1710648000000,187.0,175.9,176.09,173.52,26862093.0
1710734400000,188.0,178.15,178.53,174.64,29947150.0
1710993600000,189.0,178.15,181.415,178.15,32824320.0
1711080000000,190.0,178.87,179.255,176.75,27995378.0
1711166400000,191.0,179.71,180.99,177.24,29815464.0
1711252800000,192.0,178.3,180.45,177.95,29658982.0
1711339200000,193.0,179.83,180.0,177.3099,32672551.0
1711598400000,194.0,180.38,181.7,179.26,37970288.0
1711684800000,195.0,180.97,183.0,179.95,29174521.0
1711771200000,196.0,180.69,180.79,178.3762,32605246.0
1711857600000,197.0,182.41,182.87,179.8,31024438.0
1711944000000,198.0,180.0,185.1,180.0,41624261.0
1712203200000,199.0,185.07,187.29,181.97,42373992.0
1712289600000,200.0,185.19,187.34,184.81,39221282.0
1712376000000,201.0,185.67,186.2699,184.2,36529846.0
1712462400000,202.0,185.95,189.77,182.67,35879151.0
1712548800000,203.0,189.05,188.38,185.51,40020742.0
1712808000000,204.0,186.13,188.69,185.08,38474349.0
1712894400000,205.0,183.62,184.83,183.0,48052395.0
1712980800000,206.0,183.32,184.57,182.26,32891265.0
1713067200000,207.0,181.28,182.39,179.82,31333095.0
1713153600000,208.0,179.22,179.0,178.65,30709705.0
1713412800000,209.0,174.63,178.87,173.44,55975229.0
1713499200000,210.0,177.23,179.93,174.56,37892590.0
1713585600000,211.0,179.54,180.323,175.975,37001519.0
1713672000000,212.0,176.59,173.92,166.32,94491556.0
1713758400000,213.0,173.67,180.82,176.13,49238730.0
1714017600000,214.0,179.62,183.53,179.39,43919765.0
1714104000000,215.0,180.96,182.99,174.8,53980847.0
1714190400000,216.0,175.0,185.15,174.56,94645148.0
1714276800000,217.0,179.0,185.1,179.91,54285810.0
1714363200000,218.0,184.72,187.87,185.42,39172004.0
1714622400000,219.0,186.21,188.745,184.8,34725295.0
1714708800000,220.0,188.7,189.94,187.305,34048902.0
1714795200000,221.0,188.76,188.43,186.385,26136350.0
1714881600000,222.0,188.0,191.7,187.44,43354477.0
1714968000000,223.0,189.5,189.892,186.93,34110271.0
1715227200000,224.0,187.48,188.31,185.36,24898613.0
1715313600000,225.0,186.57,187.72,183.45,38698155.0
1715400000000,226.0,187.07,186.7193,182.73,75447525.0
1715486400000,227.0,185.99,187.31,183.46,38834450.0
1715572800000,228.0,183.63,185.3,183.35,33175655.0
1715832000000,229.0,184.7,186.665,183.28,30511768.0
1715918400000,230.0,183.54,183.26,180.75,50839129.0
1716004800000,231.0,183.13,185.22,181.9715,28126284.0
1716091200000,232.0,181.05,182.24,180.08,33670173.0
1716177600000,233.0,180.75,184.08,180.3,27471640.0
1716436800000,234.0,182.15,181.34,179.21,29625963.0
1716523200000,235.0,182.02,179.82,178.7,32009294.0
1716609600000,236.0,179.32,181.5,179.49,29209979.0
1716696000000,237.0,176.44,178.355,173.87,58873889.0
1716782400000,238.0,178.34,179.82,175.92,30770240.0
1717041600000,239.0,179.34,181.5,176.44,27198388.0
1717128000000,240.0,181.28,185.0,178.75,32116394.0
1717214400000,241.0,185.0,186.2888,181.49,31352851.0
1717300800000,242.0,184.3,187.23,183.36,28021473.0
1717387200000,243.0,187.06,187.77,183.79,34494498.0
1717646400000,244.0,187.23,188.35,184.5373,27265108.0
1717732800000,245.0,186.89,187.67,185.43,33984216.0
1717819200000,246.0,183.83,185.0,182.666,39717789.0
1717905600000,247.0,183.66,184.29,181.22,25437213.0
1717992000000,248.0,184.06,186.51,181.43,35601907.0
1718251200000,249.0,182.81,182.72,180.25,36643557.0
1718337600000,250.0,186.1,189.275,185.86,44676779.0
1718424000000,251.0,189.08,191.0,185.33,72931754.0
1718510400000,252.0,185.57,188.84,185.42,50599979.0
1718596800000,253.0,186.34,194.8,186.26,45898475.0
1718683200000,254.0,193.61,199.84,194.2,63803893.0
1718942400000,255.0,197.85,198.85,192.5,74377491.0
1719028800000,256.0,193.25,198.2957,192.82,76930192.0
1719115200000,257.0,197.2,200.43,195.93,41192011.0
1719201600000,258.0,200.0,200.029,196.7601,45586383.0
1719288000000,259.0,197.59,200.55,198.17,30585326.0
1719374400000,260.0,200.0,201.2,197.96,38858685.0
1719460800000,261.0,199.29,200.57,199.045,34756586.0
1719547200000,262.0,199.34,200.11,197.69,32756736.0
1719806400000,263.0,199.79,200.2699,192.86,32871678.0
1719892800000,264.0,195.05,196.47,193.8301,44559041.0
1719979200000,265.0,194.49,196.19,190.83,30583325.0
1720065600000,266.0,192.72,196.62,192.24,40649227.0
1720152000000,267.0,193.02,191.58,185.99,33994714.0
1720411200000,268.0,187.93,189.68,181.448,48020139.0
1720497600000,269.0,183.75,184.93,180.11,51037226.0
1720584000000,270.0,183.13,185.06,182.48,42639329.0
1720670400000,271.0,182.55,189.39,183.56,39891223.0
1720756800000,272.0,186.41,185.45,180.41,47534070.0
1721016000000,273.0,180.83,183.8958,176.8,41513960.0
1721102400000,274.0,179.85,183.19,180.24,44456863.0
1721188800000,275.0,182.5,184.75,182.38,29505964.0
1721275200000,276.0,183.2,185.86,179.38,33270123.0
1721361600000,277.0,181.71,187.94,184.46,39496174.0
1721620800000,278.0,186.98,190.6,181.87,41667326.0
1721707200000,279.0,184.07,168.77,160.55,70380635.0
1721793600000,280.0,167.9,162.96,151.61,141380965.0
1721880000000,281.0,161.02,165.08,158.5404,83141517.0
1721966400000,282.0,161.93,167.58,161.43,59937280.0
1722225600000,283.0,162.77,166.6899,162.55,48349840.0
1722312000000,284.0,165.8,168.55,162.55,44605206.0
1722398400000,285.0,166.94,168.55,165.85,36301049.0
1722484800000,286.0,166.8,171.04,166.1101,30007688.0
1722571200000,287.0,170.23,172.28,167.1,39237915.0
1722830400000,288.0,170.1,177.91,168.86,28796204.0
1722916800000,289.0,177.59,178.34,173.99,51681513.0
1723003200000,290.0,177.06,178.3,176.2601,31457175.0
1723089600000,291.0,178.22,179.01,176.16,31129807.0
1723176000000,292.0,178.88,182.385,177.4308,26255204.0
1723435200000,293.0,180.11,181.47,178.8937,35575120.0
1723521600000,294.0,176.13,178.9699,175.68,32047482.0
1723608000000,295.0,177.04,177.4682,175.24,29081191.0
1723694400000,296.0,175.5,174.89,172.25,22364436.0
1723780800000,297.0,173.12,173.69,168.92,29761979.0
1724040000000,298.0,170.8,174.29,170.81,29045025.0
1724126400000,299.0,172.12,178.9,172.6,26397315.0
1724212800000,300.0,178.5,178.26,175.26,43411355.0
1724299200000,301.0,176.25,175.98,172.54,37816711.0
1724385600000,302.0,173.33,179.875,174.995,30299225.0
1724644800000,303.0,177.89,178.38,171.16,40147276.0
1724731200000,304.0,171.39,175.85,171.16,41466537.0
1724817600000,305.0,175.4,180.5,173.51,29037362.0
1724904000000,306.0,179.55,184.99,176.79,36223796.0
1724990400000,307.0,184.52,187.41,175.73,42564698.0
1725249600000,308.0,187.0,188.5,183.54,33622483.0
1725336000000,309.0,186.49,185.81,183.36,26065485.0
1725422400000,310.0,184.89,189.45,186.14,26091682.0
1725508800000,311.0,186.88,188.8,185.06,34448130.0
1725595200000,312.0,186.43,190.99,188.47,39543168.0
1725854400000,313.0,189.87,191.84,187.41,100351353.0
1725940800000,314.0,191.6,194.45,190.57,36993111.0
1726027200000,315.0,193.88,195.37,190.13,43478926.0
1726113600000,316.0,193.96,193.9498,192.16,26381344.0
1726200000000,317.0,192.53,194.53,189.54,36334854.0
1726459200000,318.0,191.16,190.9,187.34,35973516.0
1726545600000,319.0,187.97,188.49,184.65,41680400.0
1726632000000,320.0,186.33,186.19,183.4519,35993006.0
1726718400000,321.0,185.13,186.6,184.04,23704056.0
1726804800000,322.0,184.76,183.44,180.875,30204302.0
1727064000000,323.0,181.96,187.6,183.6,41039211.0
1727150400000,324.0,186.51,187.6,180.25,42364201.0
1727236800000,325.0,180.8,183.09,180.92,26372086.0
1727323200000,326.0,182.72,185.845,182.05,26343117.0
1727409600000,327.0,185.17,188.134,185.83,27780363.0
1727668800000,328.0,186.65,189.9284,186.3,25751557.0
1727755200000,329.0,188.82,189.83,187.36,22608807.0
1727841600000,330.0,187.54,188.41,184.58,32144200.0
1727928000000,331.0,187.69,187.78,185.61,23456812.0
1728014400000,332.0,186.89,188.94,186.0,25005314.0
1728273600000,333.0,187.53,190.74,186.28,37381410.0
1728360000000,334.0,188.99,189.46,186.4,24631393.0
1728446400000,335.0,189.07,191.5201,186.975,29631593.0
1728532800000,336.0,189.7,189.16,183.69,31937089.0
1728619200000,337.0,184.71,187.11,183.86,21612195.0
1728878400000,338.0,186.38,190.45,187.53,29323810.0
1728964800000,339.0,187.83,190.21,188.21,27930836.0
1729051200000,340.0,188.39,191.4599,187.815,35690158.0
1729137600000,341.0,190.83,195.61,192.42,37706550.0
1729224000000,342.0,192.73,190.6,185.23,75146387.0
1729483200000,343.0,186.4,200.5,197.02,95553617.0
1729569600000,344.0,197.93,197.33,194.3101,123136859.0
1729656000000,345.0,195.78,199.82,195.99,109297115.0
1729742400000,346.0,199.5,207.55,199.14,87710360.0
1729828800000,347.0,207.09,212.25,207.19,116804328.0
1730088000000,348.0,210.05,209.9633,207.44,68302045.0
1730174400000,349.0,208.18,209.65,205.59,50594339.0
1730260800000,350.0,206.84,209.54,206.01,48002540.0
1730347200000,351.0,208.91,215.09,209.14,43617902.0
1730433600000,352.0,214.1,215.9,210.88,51866916.0
1730696400000,353.0,211.48,207.34,199.61,44726453.0
1730782800000,354.0,202.61,204.67,200.95,48126111.0
1730869200000,355.0,201.7,205.3,198.78,56607202.0
1730955600000,356.0,204.61,203.13,199.45,63470094.0
1731042000000,357.0,202.88,203.49,195.75,43051696.0
1731301200000,358.0,198.38,199.2599,196.75,36413330.0
1731387600000,359.0,197.12,201.9499,199.0,33224732.0
1731474000000,360.0,201.45,208.0,201.79,41667255.0
1731560400000,361.0,207.86,207.64,205.05,55176543.0
1731646800000,362.0,205.74,208.2,204.59,74228963.0
1731906000000,363.0,207.89,212.99,209.5101,77677487.0
1731992400000,364.0,210.71,214.02,209.65,35217469.0
1732078800000,365.0,213.44,220.0,215.75,29314055.0
1732165200000,366.0,218.16,222.15,217.3,44002926.0
1732251600000,367.0,220.55,227.15,220.6,41043620.0
1732510800000,368.0,227.03,230.08,225.67,29663143.0
1732597200000,369.0,226.09,229.06,224.2002,75205042.0
1732683600000,370.0,225.04,231.2,226.26,56193682.0
1732770000000,371.0,230.26,231.09,227.63,38492128.0
1732856400000,372.0,228.97,230.2,225.8608,64347317.0
1732942800000,373.0,227.46,233.0,228.01,43318478.0
1733029200000,374.0,232.93,232.73,227.85,34314810.0
1733115600000,375.0,231.15,231.3999,220.11,29470373.0
1733202000000,376.0,220.52,226.09,222.92,42460924.0
1733288400000,377.0,223.29,226.21,218.73,38938882.0
1733374800000,378.0,224.92,226.88,223.9,33393545.0
1733461200000,379.0,225.06,229.14,226.13,34892044.0
1733720400000,380.0,229.05,228.5,226.6706,28549753.0
1733806800000,381.0,227.05,226.03,220.9,34700005.0
1733893200000,382.0,223.75,222.9972,218.43,51679406.0
1733979600000,383.0,221.3,223.2299,218.94,29113319.0
1734066000000,384.0,219.39,225.15,218.19,33139121.0
1734325200000,385.0,220.22,225.36,221.62,29915592.0
1734411600000,386.0,224.19,228.835,224.84,51979243.0
1734498000000,387.0,227.61,228.381,221.46,39832500.0
1734584400000,388.0,222.11,223.52,220.2,38102502.0
1734670800000,389.0,222.13,221.71,216.5,31303317.0
1734930000000,390.0,218.94,219.4,216.47,39325981.0
1735016400000,391.0,218.46,221.82,216.2,27639991.0
1735102800000,392.0,217.76,223.57,220.75,29337763.0
1735189200000,393.0,223.35,224.65,220.31,47341752.0
1735275600000,394.0,220.66,226.51,220.75,40412937.0
1735534800000,395.0,225.94,231.78,223.08,39411728.0
1735621200000,396.0,230.71,235.44,226.94,38921113.0
1735707600000,397.0,235.01,235.52,231.19,59897917.0
1735794000000,398.0,235.42,236.4,231.51,41583365.0
1735880400000,399.0,234.85,235.61,232.93,31171161.0
1736139600000,400.0,235.42,241.77,225.86,32990973.0
1736226000000,401.0,238.15,240.39,233.98,27317661.0
1736312400000,402.0,237.07,237.95,236.15,52542526.0
1736398800000,403.0,234.64,240.29,232.22,63543658.0
1736485200000,404.0,237.68,240.29,236.41,41246065.0
1736744400000,405.0,237.42,239.25,232.9,53679198.0
1736830800000,406.0,242.06,242.52,238.03,95553617.0
1736917200000,407.0,236.17,238.32,235.2,123136859.0
1737003600000,408.0,238.83,239.6599,236.01,109297115.0
1737090000000,409.0,229.15,234.81,228.06,87710360.0
1737349200000,410.0,233.14,233.92,229.2,116804328.0
1737435600000,411.0,232.76,233.44,230.13,68302045.0
1737522000000,412.0,228.93,231.18,228.16,50594339.0
1737608400000,413.0,230.37,230.42,227.52,48002540.0
1737694800000,414.0,228.68,229.89,227.23,43617902.0
1737954000000,415.0,226.65,229.3,223.72,51866916.0
1738040400000,416.0,226.63,226.83,223.71,44726453.0
1738126800000,417.0,222.88,225.13,221.81,48126111.0
1738213200000,418.0,216.58,223.31,214.74,56607202.0
1738299600000,419.0,212.71,217.715,212.42,63470094.0
1738558800000,420.0,212.8,213.34,204.16,43051696.0
1738645200000,421.0,214.35,219.97,213.09,36413330.0
1738731600000,422.0,208.74,212.62,208.37,33224732.0
1738818000000,423.0,212.28,214.01,206.99,41667255.0
1738904400000,424.0,205.02,206.8,202.55,55176543.0
1739163600000,425.0,203.8,209.98,197.432,74228963.0
1739250000000,426.0,208.36,205.77,203.26,77677487.0
1739336400000,427.0,200.7,202.2653,198.3015,35217469.0
1739422800000,428.0,199.25,196.73,192.53,29314055.0
1739509200000,429.0,194.54,200.18,190.85,44002926.0
1739768400000,430.0,196.59,201.52,193.4,41043620.0
1739854800000,431.0,198.89,198.8799,191.82,29663143.0
1739941200000,432.0,193.89,199.0,195.32,75205042.0
1740027600000,433.0,197.95,199.32,194.3247,56193682.0
1740114000000,434.0,195.74,196.99,189.38,38492128.0
1740373200000,435.0,192.82,195.965,191.96,64347317.0
1740459600000,436.0,195.54,199.32,192.3,43318478.0
1740546000000,437.0,194.95,196.21,192.52,34314810.0
1740632400000,438.0,196.21,203.64,199.95,29470373.0
1740718800000,439.0,203.26,206.21,199.925,42460924.0
1740978000000,440.0,205.71,206.01,203.22,38938882.0
1741064400000,441.0,201.13,203.79,199.2821,33393545.0
1741150800000,442.0,201.36,199.26,191.881,34892044.0
1741237200000,443.0,192.72,191.33,184.4,28549753.0
1741323600000,444.0,190.26,193.93,187.2,34700005.0
1741579200000,445.0,192.17,198.34,187.66,51679406.0
1741665600000,446.0,196.01,184.13,176.92,29113319.0
1741752000000,447.0,178.41,178.1436,166.0,33139121.0
1741838400000,448.0,171.0,183.4099,161.38,29915592.0
1741924800000,449.0,175.26,185.9,168.57,51979243.0
1742184000000,450.0,170.66,192.65,169.93,39832500.0
1742270400000,451.0,191.1,186.8692,175.8518,38102502.0
1742356800000,452.0,181.22,185.86,178.0,31303317.0
1742443200000,453.0,184.87,187.44,179.23,39325981.0
1742529600000,454.0,182.12,182.35,177.9331,27639991.0
1742788800000,455.0,179.59,179.1046,171.41,29337763.0
1742875200000,456.0,174.33,176.21,172.0,47341752.0
1742961600000,457.0,172.61,169.6,165.285,40412937.0
1743048000000,458.0,167.32,176.78,169.35,39411728.0
1743134400000,459.0,173.18,187.38,180.19,38921113.0
1743393600000,460.0,180.6,186.74,180.18,59897917.0
1743480000000,461.0,186.54,189.94,185.49,41583365.0
1743566400000,462.0,188.99,190.22,184.885,31171161.0
1743652800000,463.0,187.7,188.0158,183.68,32990973.0
1743739200000,464.0,187.39,185.05,178.85,27317661.0
1743998400000,465.0,184.42,191.807112,187.5,52542526.0
1744084800000,466.0,190.2,192.88,186.4,63543658.0
1744171200000,467.0,189.98,188.18,185.53,41246065.0
1744257600000,468.0,186.35,187.93,183.85,53679198.0
1744344000000,469.0,185.01,190.99,185.01,95553617.0
1744603200000,470.0,188.71,194.33,188.82,123136859.0
1744689600000,471.0,192.08,194.69,191.16,109297115.0
1744776000000,472.0,193.06,211.66,205.75,87710360.0
1744862400000,473.0,208.64,214.84,210.1,116804328.0
1744948800000,474.0,211.37,211.93,208.85,68302045.0
1745208000000,475.0,210.25,206.88,202.673,50594339.0
1745294400000,476.0,205.17,206.85,204.374,48002540.0
1745380800000,477.0,205.59,206.62,201.26,43617902.0
1745467200000,478.0,206.16,205.5899,202.65,51866916.0
1745553600000,479.0,204.07,203.455,200.06,44726453.0
1745812800000,480.0,201.12,205.76,200.16,48126111.0
1745899200000,481.0,203.1,202.37,197.85,56607202.0
1745985600000,482.0,200.99,206.69,202.19,63470094.0
1746072000000,483.0,206.02,207.66,204.41,43051696.0
1746158400000,484.0,204.72,208.81,204.23,36413330.0
1746417600000,485.0,205.7,205.99,201.695,33224732.0
1746504000000,486.0,205.01,207.0,202.68,41667255.0
1746590400000,487.0,206.65,208.9469,205.03,55176543.0
1746676800000,488.0,205.71,208.18,205.18,74228963.0
1746763200000,489.0,207.23,212.81,207.56,77677487.0
1747022400000,490.0,207.91,213.8699,210.5,35217469.0
1747108800000,491.0,213.57,217.85,212.88,29314055.0
1747195200000,492.0,216.98,217.69,214.15,44002926.0
1747281600000,493.0,217.61,218.4,212.89,41043620.0
1747368000000,494.0,213.2,213.58,211.33,29663143.0
1747627200000,495.0,213.24,214.05,209.62,75205042.0
1747713600000,496.0,212.1,209.62,206.99,56193682.0
1747800000000,497.0,212.1,209.62,206.99,38492128.0